#BP_pos1:BP_pos2,tumour.bam_PASS/FAIL,tumour.bam_support,tumour.bam_spanning_1,tumour.bam_spanning_2,sim.srt.bam_PASS/FAIL,sim.srt.bam_support,sim.srt.bam_spanning_1,sim.srt.bam_spanning_2,
+chr1:1350987|-chr1:1351050,PASS,3,51,51,PASS,1,48,48
+chr1:37442400|-chr1:37442478,PASS,3,55,55,PASS,3,58,60
-chr1:143200000|+chr1:153352930,PASS,75,65,60,,0,0,0
+chr1:147541104|-chr1:147541155,PASS,5,123,123,PASS,2,46,45
+chr1:148280024|-chr1:148280078,FAIL_MAP_CONS,5,145,145,FAIL_MAP_CONS,2,45,44
+chr1:151600923|-chr1:151600989,,0,0,0,PASS,3,66,66
+chr1:232725322|-chr1:232725378,PASS,3,52,52,PASS,5,55,54
+chr1:246484716|-chr1:246484769,PASS,3,58,58,,0,0,0
+chr10:516456|-chr10:516542,PASS,3,39,39,PASS,4,44,45
-chr10:1239000|+chr10:1239064,PASS,4,54,54,PASS,2,42,42
+chr10:21537768|-chr10:21537820,,0,0,0,PASS,3,58,58
+chr10:44765527|-chr10:44765628,PASS,6,82,82,PASS,2,95,95
+chr10:125098718|-chr10:125098776,PASS,2,46,46,PASS,4,58,59
+chr10:130360344|-chr10:130360469,PASS,11,109,110,PASS,4,71,71
+chr10:131623987|-chr10:131624080,PASS,1,49,49,PASS,4,52,54
+chr10:132388729|-chr10:132388780,PASS,3,41,41,PASS,3,39,39
+chr11:402074|-chr11:402137,PASS,2,42,42,PASS,5,47,47
-chr11:68198437|-chr2:169954165,FAIL_SEC_CONS,5,72,81,FAIL_SEC_CONS,12,72,94
-chr11:68198437|+chr11:68198498,FAIL_SEC_CONS,1,72,64,FAIL_SEC_CONS,6,72,67
+chr11:68198498|+chr2:169954232,FAIL_SEC_CONS,9,64,103,FAIL_SEC_CONS,10,67,134
-chr11:69285116|+chr14:105541350,PASS,25,36,36,,0,0,0
+chr11:69285116|-chr14:105541350,PASS,17,36,36,,0,0,0
+chr11:89177133|-chr11:89177186,,0,0,0,PASS,4,61,61
-chr11:96092039|+chr11:96092266,FAIL_SEC_CONS,26,818,546,FAIL_SEC_CONS,20,714,419
+chr11:119743990|-chr11:119744045,PASS,10,53,53,PASS,4,42,42
+chr11:126923190|-chr11:126923241,PASS,3,48,48,PASS,2,58,58
+chr12:7083647|-chr12:7084653,PASS,19,26,21,PASS,7,21,17
+chr12:37379847|-chr12:37380463,PASS,46,25,24,PASS,46,27,21
+chr12:90074649|-chr12:90074700,PASS,3,49,48,PASS,1,40,39
+chr12:110387281|-chr12:110387340,PASS,5,39,39,PASS,4,39,39
+chr12:123911929|-chr12:123911994,PASS,6,44,44,PASS,3,42,42
+chr12:132223359|-chr12:132224364,PASS,14,23,13,PASS,27,30,19
+chr13:38813478|-chr13:38813528,PASS,2,50,50,PASS,4,53,53
+chr13:97132362|-chr13:97132433,PASS,3,58,58,PASS,4,54,55
+chr13:113557796|-chr13:113557847,PASS,3,55,55,PASS,4,46,45
+chr13:114044267|-chr13:114044354,PASS,3,52,52,PASS,3,58,57
-chr14:16022653|-chr20:29315825,,0,0,0,FAIL_SEC_CONS,4,56,28
+chr14:16033130|-chr14:16033260,PASS,5,58,58,PASS,9,68,68
+chr14:16039919|-chr14:16040020,PASS,4,55,54,PASS,8,74,74
+chr14:16041888|-chr14:16042064,PASS,4,54,54,PASS,7,66,66
+chr14:16053973|-chr14:16054462,FAIL_MAP_CONS,40,18,19,FAIL_MAP_CONS,41,17,13
+chr14:77269740|-chr14:77269804,PASS,7,42,43,PASS,5,49,48
+chr14:78082946|-chr14:78083004,PASS,5,47,47,PASS,5,63,63
+chr15:44288509|-chr15:44288560,PASS,1,55,54,PASS,4,51,51
+chr15:45463988|-chr3:186717819,FAIL_SEC_CONS,23,322,250,FAIL_SEC_CONS,10,344,305
+chr15:67905173|-chr15:67905255,PASS,7,58,59,PASS,2,49,48
+chr15:85896385|-chr15:85896497,PASS,8,56,56,PASS,4,42,42
+chr16:186774|-chr16:186907,PASS,5,34,35,PASS,9,50,50
+chr16:86040276|-chr16:86040346,,0,0,0,PASS,6,57,57
+chr17:288606|-chr17:288662,PASS,2,56,54,PASS,3,64,64
+chr17:490394|-chr17:491112,PASS,57,27,35,PASS,47,27,22
+chr17:6481991|-chr17:6482045,PASS,5,53,53,PASS,2,59,60
+chr17:7616427|-chr17:7850991,PASS,23,27,28,,0,0,0
-chr17:20082957|+chr17:20083009,FAIL_SEC_CONS,13,104,56,FAIL_SEC_CONS,18,105,63
+chr17:26698587|-chr17:26699001,PASS,37,20,14,PASS,40,16,18
+chr17:26720416|-chr17:26721380,PASS,24,25,16,PASS,24,16,12
+chr17:26859720|-chr17:26860169,PASS,54,24,16,PASS,42,25,20
+chr17:81798715|-chr17:81799135,PASS,34,26,22,PASS,31,21,20
+chr17:82360584|-chr17:82360674,PASS,2,53,53,PASS,3,53,52
+chr18:20830721|-chr18:20831344,FAIL_MAP_CONS,40,17,11,FAIL_MAP_CONS,46,25,21
+chr18:25033719|-chr18:25033822,PASS,8,58,57,PASS,7,39,39
+chr18:53086353|-chr18:53086415,PASS,2,52,52,PASS,4,59,59
+chr18:54536572|-chr18:54537531,PASS,47,21,20,PASS,60,22,22
+chr18:57625733|-chr18:57625788,PASS,3,57,56,PASS,2,47,47
+chr18:65781870|-chr18:65781927,PASS,1,45,45,PASS,3,52,51
+chr18:76585543|-chr18:76585605,PASS,3,49,49,PASS,2,49,49
+chr19:377439|-chr19:377496,PASS,2,50,50,PASS,3,55,55
+chr19:404504|-chr19:404569,PASS,1,49,49,PASS,3,50,49
+chr19:4618949|-chr19:4619008,PASS,3,62,62,PASS,1,55,56
-chr19:38735670|+chr19:38736002,FAIL_SEC_CONS,3,60,127,FAIL_SEC_CONS,7,64,126
+chr19:40848978|-chr19:40849031,PASS,3,49,49,PASS,8,43,43
+chr19:48761616|-chr19:48761666,PASS,3,52,52,PASS,1,41,41
+chr19:50499566|-chr19:50499616,PASS,5,42,42,PASS,2,47,47
+chr19:53506425|-chr19:53506485,PASS,4,39,40,PASS,1,48,48
+chr19:54134067|-chr19:54134133,PASS,3,45,44,,0,0,0
+chr2:7128172|-chr2:7128229,PASS,4,48,48,PASS,3,47,47
+chr2:16145117|-chr2:16146121,PASS,20,17,12,PASS,17,13,11
+chr2:32867124|-chr2:32868133,PASS,8,17,20,PASS,20,27,24
+chr2:88181268|-chr2:88181355,PASS,9,45,46,PASS,3,40,41
+chr2:88201588|-chr2:88201657,PASS,9,52,54,PASS,4,57,56
+chr2:101785696|-chr2:101785760,PASS,7,48,48,PASS,7,51,52
-chr2:169954165|+chr2:169954232,FAIL_SEC_CONS,7,81,103,FAIL_SEC_CONS,8,94,134
+chr2:197374078|-chr2:197374133,FAIL_MAP_CONS,4,46,46,FAIL_MAP_CONS,5,55,55
+chr2:241767091|-chr2:241767163,PASS,5,52,52,PASS,3,50,50
+chr20:63214|-chr20:63841,PASS,43,23,21,PASS,39,22,17
+chr20:28867522|-chr20:28868454,PASS,41,16,14,PASS,43,22,21
+chr20:29562966|-chr20:29563369,PASS,13,39,44,PASS,9,29,29
+chr20:29564408|-chr20:29565356,PASS,49,22,24,PASS,37,16,16
+chr20:36466979|-chr20:36467030,PASS,3,38,38,PASS,3,49,49
+chr20:37608011|-chr9:85454661,FAIL_SEC_CONS,7,57,71,FAIL_SEC_CONS,10,45,92
-chr14:99646777|+chr20:37608011,FAIL_SEC_CONS,3,57,60,FAIL_SEC_CONS,4,45,61
+chr20:37608011|+chr8:122592076,FAIL_SEC_CONS,1,57,119,FAIL_SEC_CONS,3,45,118
+chr20:57350853|-chr20:57350907,PASS,5,50,49,PASS,4,46,45
+chr20:63314841|-chr20:63314920,,0,0,0,PASS,3,53,53
-chr21:28877115|+chr22:29396095,FAIL_SEC_CONS,2,36,55,FAIL_SEC_CONS,3,58,54
+chr21:32771903|-chr21:32771954,PASS,5,58,57,PASS,3,38,37
+chr12:128971888|-chr21:41855891,FAIL_SEC_CONS,1,60,116,FAIL_SEC_CONS,4,48,122
+chr22:25093777|-chr22:25093853,PASS,5,47,47,PASS,4,46,46
+chr22:25218731|-chr22:25218793,PASS,5,72,71,PASS,1,42,42
-chr22:29395973|+chr22:29396095,FAIL_SEC_CONS,5,79,55,FAIL_SEC_CONS,6,70,54
+chr22:37329008|-chr22:37329097,PASS,11,58,59,PASS,4,51,51
+chr3:12860588|-chr3:12860638,,0,0,0,PASS,3,63,64
+chr3:75653497|-chr3:75653560,PASS,6,44,44,PASS,1,49,48
+chr3:75661960|-chr3:75662062,PASS,11,40,40,PASS,5,58,57
+chr3:75671852|-chr3:75671954,PASS,20,55,56,PASS,12,68,69
+chr3:96673358|-chr3:96673440,PASS,3,42,42,PASS,1,43,43
+chr4:183851480|-chr4:183851546,PASS,3,44,44,PASS,3,38,39
+chr5:11816981|-chr5:11817077,PASS,14,63,62,PASS,6,52,51
+chr5:56088382|-chr5:56088441,PASS,3,50,50,,0,0,0
+chr5:93581808|-chr5:93581860,PASS,1,51,51,PASS,3,47,48
+chr5:139452656|-chr5:139453662,PASS,15,17,19,PASS,16,26,28
+chr5:155760321|-chr5:155761328,PASS,23,24,31,PASS,26,19,27
+chr6:469286|-chr6:469343,PASS,3,64,64,PASS,4,64,62
-chr6:11936707|+chr6:11936801,FAIL_SEC_CONS,3,50,95,FAIL_SEC_CONS,2,61,94
-chr11:68198437|-chr6:20835477,FAIL_SEC_CONS,4,73,72,FAIL_SEC_CONS,9,93,72
-chr6:20835477|+chr6:20835549,FAIL_SEC_CONS,2,73,82,FAIL_SEC_CONS,4,93,122
+chr2:169954232|-chr6:20835477,FAIL_SEC_CONS,3,73,103,FAIL_SEC_CONS,8,93,134
-chr2:169954165|+chr6:20835549,FAIL_SEC_CONS,5,82,81,FAIL_SEC_CONS,10,122,94
+chr11:68198498|+chr6:20835549,FAIL_SEC_CONS,4,82,64,FAIL_SEC_CONS,11,122,67
+chr6:37698194|-chr6:37698259,PASS,1,45,46,PASS,3,63,64
+chr6:42262443|-chr6:42262503,PASS,14,58,57,PASS,6,52,51
+chr6:61370552|-chr6:61371374,PASS,54,26,25,PASS,55,24,30
-chr6:148499999|-chr6:152100000,PASS,27,28,16,,0,0,0
+chr6:148499999|+chr6:152100000,PASS,32,28,16,,0,0,0
+chr7:478851|-chr7:478906,PASS,1,39,39,PASS,3,64,64
-chr7:66098889|+chr7:943884,FAIL_SEC_CONS,5,60,81,FAIL_SEC_CONS,6,70,70
+chr7:62270635|-chr7:62271129,PASS,3,52,54,PASS,5,63,62
+chr7:62276271|-chr7:62276977,PASS,3,55,52,PASS,5,46,46
-chr7:66098889|+chr7:66099632,FAIL_SEC_CONS,3,81,112,FAIL_SEC_CONS,4,70,92
+chr7:99180792|-chr7:99180873,PASS,2,62,63,PASS,6,56,57
-chr7:132563268|+chr7:132563335,FAIL_MAP_CONS,5,1791,1789,FAIL_MAP_CONS,1,1671,1669
+chr7:157461462|-chr7:157461555,PASS,2,46,47,PASS,4,42,43
+chr7:158589792|-chr7:158589844,PASS,3,62,62,,0,0,0
+chr8:2191439|-chr8:2191510,,0,0,0,PASS,3,105,105
+chr8:22396486|-chr8:22396542,PASS,6,47,47,PASS,4,49,49
-chr7:66098889|+chr8:48193251,FAIL_SEC_CONS,4,61,81,FAIL_SEC_CONS,2,66,70
+chr8:119498599|-chr8:119498657,,0,0,0,PASS,4,55,55
+chr8:130049764|-chr8:130049830,PASS,3,50,50,PASS,6,56,56
+chr8:140622658|-chr8:140622748,PASS,5,54,54,PASS,4,54,55
+chr8:143038447|-chr8:143038511,PASS,6,59,57,PASS,3,47,47
+chr9:21970752|-chr9:22002023,PASS,25,19,23,,0,0,0
+chr9:41237750|-chr9:41238506,PASS,21,11,11,PASS,19,6,9
+chr9:63791078|-chr9:63791189,PASS,3,54,55,PASS,2,47,47
+chr9:63815753|-chr9:63818361,PASS,21,81,78,PASS,35,86,83
+chr9:65762653|-chr9:65763093,FAIL_VNTR,10,67,68,FAIL_VNTR,8,53,51
+chr9:65762654|-chr9:65763031,PASS,11,67,68,PASS,11,53,52
+chr9:130334739|-chr9:130334790,PASS,2,51,52,PASS,3,60,61
+chr9:133564344|-chr9:133564435,PASS,2,52,53,PASS,3,50,50
+chr9:137440905|-chr9:137440962,PASS,6,64,64,PASS,2,49,49
-chr11:96092039|-chrX:71140738,FAIL_SEC_CONS,11,80,818,FAIL_SEC_CONS,6,84,714
+chr11:96092266|+chrX:71140848,FAIL_SEC_CONS,9,154,546,FAIL_SEC_CONS,7,143,419
-chr11:96092039|-chrX:71141227,FAIL_SEC_CONS,5,85,818,FAIL_SEC_CONS,2,77,714
+chr11:96092266|+chrX:71141331,FAIL_SEC_CONS,3,59,546,FAIL_SEC_CONS,3,49,419
+chrX:102354285|-chrX:102354342,PASS,6,27,27,PASS,6,45,45
+chrX:154595663|-chrX:154595715,PASS,2,55,54,PASS,3,46,46
+chrY:622515|-chrY:622605,FAIL_MAP_CONS,7,615,615,FAIL_MAP_CONS,6,651,651
+chrY:622897|-chrY:622954,FAIL_SEC_CONS,6,615,614,FAIL_SEC_CONS,1,651,651
-chrY:1177455|+chrY:1178593,FAIL_SEC_CONS,36,5,2,FAIL_SEC_CONS,49,9,5
-chrY:1212882|+chrY:1589276,FAIL_SEC_CONS,3,0,5,FAIL_SEC_CONS,1,0,9
+chrY:9111868|-chrY:9112716,PASS,38,0,18,PASS,35,0,20
+chrY:10669735|-chrY:10670733,PASS,20,11,15,PASS,27,19,19
+chrY:10871215|-chrY:10871901,PASS,48,19,28,PASS,46,18,19
+chrY:10908516|-chrY:10909105,PASS,52,24,25,PASS,41,22,25
+chrY:10956865|-chrY:10957769,PASS,35,23,18,PASS,52,27,18
+chrY:10961622|-chrY:10962535,PASS,39,20,18,PASS,46,27,22
+chrY:10969990|-chrY:10970622,PASS,43,17,21,PASS,48,19,20
+chrY:11002273|-chrY:11003062,PASS,51,29,26,PASS,45,23,27
+chrY:11012525|-chrY:11013049,PASS,53,31,30,PASS,36,17,19
+chrY:11028339|-chrY:11029162,FAIL_MAP_CONS,51,23,22,FAIL_MAP_CONS,46,23,16
-chrY:11066168|+chrY:11068185,FAIL_SEC_CONS,23,131,209,FAIL_SEC_CONS,31,119,234
+chr12:128971888|+chrY:11068185,FAIL_SEC_CONS,10,209,116,FAIL_SEC_CONS,12,234,122
+chrY:11296312|-chrY:11296369,PASS,1,48,48,PASS,3,67,67
-chr20:37607905|+chrY:12121730,FAIL_SEC_CONS,4,79,66,FAIL_SEC_CONS,9,65,65
-chr9:85454662|+chrY:12121730,FAIL_SEC_CONS,4,79,71,FAIL_SEC_CONS,5,65,92
-chr20:37607905|+chrY:12122147,,0,0,0,FAIL_SEC_CONS,5,54,65
-chrY:21748373|-chrY:21755825,PASS,32,20,71,PASS,23,9,53
chr1:49274192|INS:50,,0,0,0,PASS,3,53,53
chr1:72297917|INS:54,PASS,3,61,61,,0,0,0
chr1:181687341|INS:53,,0,0,0,PASS,3,50,50
chr11:11616039|INS:52,PASS,3,55,55,,0,0,0
chr12:22755415|INS:51,,0,0,0,PASS,3,45,45
chr14:16034102|INS:483,PASS,5,58,58,PASS,9,64,64
chr14:16036715|INS:119,PASS,5,55,55,PASS,9,63,63
chr2:24283262|INS:51,PASS,3,58,58,,0,0,0
chr2:90345940|INS:56,PASS,1,55,55,PASS,3,52,52
chr2:91827226|INS:649,PASS,3,24,24,PASS,2,19,19
chr2:203354828|INS:53,,0,0,0,PASS,3,50,50
chr20:30321117|INS:140,PASS,4,45,45,PASS,2,50,50
chr3:75661613|INS:5127,PASS,11,41,41,PASS,5,59,59
chr3:75667864|INS:751,PASS,20,46,46,PASS,11,68,68
chr3:75679075|INS:88,FAIL_MAP_CONS,15,53,53,FAIL_MAP_CONS,7,62,62
chr4:122695376|INS:52,PASS,3,57,57,,0,0,0
chr7:62272359|INS:655,PASS,3,53,53,PASS,5,62,62
chr7:62285573|INS:289,PASS,3,42,42,PASS,3,52,52
chr9:63789427|INS:218,PASS,3,56,56,PASS,1,43,43
chr9:63812895|INS:521,PASS,21,82,82,PASS,33,73,73
chr9:63824376|INS:2698,PASS,12,69,69,PASS,19,65,65
chr9:63829087|INS:76,PASS,11,72,72,PASS,16,72,72
chr9:63838316|INS:310,PASS,6,61,61,PASS,6,64,64
chr9:65761548|INS:1315,PASS,11,68,68,PASS,11,50,50
chr9:65780425|INS:652,PASS,19,60,60,PASS,29,67,67
chrY:622862|INS:58,FAIL_MAP_CONS,320,615,615,FAIL_MAP_CONS,328,651,651
chrY:1177930|INS:94,FAIL_MAP_CONS,28,24,24,FAIL_MAP_CONS,26,58,58
chrY:1213355|INS:114,FAIL_MAP_CONS,7,6,6,FAIL_MAP_CONS,6,6,6
chrY:1514597|INS:70,FAIL_MAP_CONS,36,20,20,FAIL_MAP_CONS,33,23,23
chrY:1588460|INS:66,FAIL_MAP_CONS,27,95,95,FAIL_MAP_CONS,37,108,108
chrY:2228071|INS:66,PASS,7,41,41,PASS,7,45,45
chrY:21757609|INS:149,PASS,40,97,97,PASS,28,69,69
chrY:21764235|INS:1806,PASS,45,106,106,PASS,28,64,64
